"Lang","Page title"
"en","Comparison_between_Esperanto_and_Ido"
"en","Comparison_between_Esperanto_and_Interlingua"
"en","Comparison_between_Esperanto_and_Novial"
"en","Comparison_between_Ido_and_Interlingua"
"en","Comparison_between_Ido_and_Novial"
"en","Comparison_between_U.S._states_and_countries_by_GDP_(PPP)"
"en","Comparison_of_ALGOL_68_and_C++"
"en","Comparison_of_Afrikaans_and_Dutch"
"en","Comparison_of_Android_e-book_reader_software"
"en","Comparison_of_Asian_national_space_programs"
"en","Comparison_of_Axis_&_Allies_games"
"en","Comparison_of_C_Sharp_and_Visual_Basic_.NET"
"en","Comparison_of_Chernobyl_and_other_radioactivity_releases"
"en","Comparison_of_Exchange_ActiveSync_clients"
"en","Comparison_of_Hokkien_writing_systems"
"en","Comparison_of_Home_Owners'_and_Civic_Associations"
"en","Comparison_of_IOC,_FIFA,_and_ISO_3166_country_codes"
"en","Comparison_of_Java_and_C++"
"en","Comparison_of_Linux_distributions"
"en","Comparison_of_MD_and_DO_in_the_United_States"
"en","Comparison_of_Norwegian_Bokmål_and_Standard_Danish"
"en","Comparison_of_Portuguese_and_Spanish"
"en","Comparison_of_Symbian_devices"
"en","Comparison_of_United_States_presidential_candidates,_2008"
"en","Comparison_of_World_War_I_tanks"
"en","Comparison_of_browser_synchronizers"
"en","Comparison_of_business_integration_software"
"en","Comparison_of_consumer_brain–computer_interfaces"
"en","Comparison_of_domestic_robots"
"en","Comparison_of_e-book_formats"
"en","Comparison_of_e-book_readers"
"en","Comparison_of_file_hosting_services"
"en","Comparison_of_layout_engines_(Cascading_Style_Sheets)"
"en","Comparison_of_layout_engines_(MathML)"
"en","Comparison_of_machine_translation_applications"
"en","Comparison_of_mobile_operating_systems"
"en","Comparison_of_network_diagram_software"
"en","Comparison_of_numerical_analysis_software"
"en","Comparison_of_privilege_authorization_features"
"en","Comparison_of_programming_languages_(object-oriented_programming)"
"en","Comparison_of_programming_languages_(string_functions)"
"en","Comparison_of_relational_database_management_systems"
"en","Comparison_(grammar)"
"en","Comparison_between_Argentine_provinces_and_countries_by_GDP_(PPP)_per_capita"
"en","Comparison_between_U.S._states_and_countries_by_GDP_(nominal)"
"en","Comparison_between_U.S._states_and_countries_by_GDP_(nominal)_per_capita"
"en","Comparison_of_401(k)_and_IRA_accounts"
"en","Comparison_of_ADO_and_ADO.NET"
"en","Comparison_of_AMD_CPU_microarchitectures"
"en","Comparison_of_American_and_British_English"
"en","List_of_BPEL_engines"
"en","Comparison_of_BitTorrent_tracker_software"
"en","Comparison_of_Business_Process_Modeling_Notation_tools"
"en","Comparison_of_CAD,_CAM_and_CAE_file_viewers"
"en","Comparison_of_CRT,_LCD,_Plasma,_and_OLED"
"en","Comparison_of_California_ski_resorts"
"en","Comparison_of_Canadian-tax_preparation_software_for_personal_use"
"en","Comparison_of_Chinese_romanization_systems"
"en","Comparison_of_Colorado_ski_resorts"
"en","Comparison_of_DNS_blacklists"
"en","Comparison_of_Dewey_and_Library_of_Congress_subject_classification"
"en","Comparison_of_H.264_and_VC-1"
"en","Comparison_of_HP_graphing_calculators"
"en","Comparison_of_HTML5_and_Flash"
"en","Comparison_of_HTML_parsers"
"en","Comparison_of_IPv6_application_support"
"en","Comparison_of_IPv6_support_by_major_transit_providers"
"en","Comparison_of_IPv6_support_in_operating_systems"
"en","Comparison_of_IPv6_support_in_routers"
"en","Comparison_of_Intel_processors"
"en","Comparison_of_Internet_Relay_Chat_bots"
"en","Comparison_of_Lemmings_ports"
"en","Comparison_of_MIDI_standards"
"en","Comparison_of_Malaysian_and_Indonesian"
"en","Comparison_of_MySQL_database_engines"
"en","Comparison_of_net-connected_media_players"
"en","Comparison_of_Office_Open_XML_and_OpenDocument"
"en","Comparison_of_OpenGL_and_Direct3D"
"en","Comparison_of_OpenXPS_and_PDF"
"en","Comparison_of_PSA_systems"
"en","Comparison_of_Power_Management_Software_Suites"
"en","Comparison_of_S.M.A.R.T._tools"
"en","Comparison_of_Scottish_Gaelic_and_Irish"
"en","Comparison_of_Skype_recorders"
"en","Comparison_of_TeX_editors"
"en","Comparison_of_Toyota_hybrids"
"en","Comparison_of_Tryton_and_Open_ERP"
"en","Comparison_of_US_and_Chinese_Military_Armed_Forces"
"en","Comparison_of_VMware_Fusion_and_Parallels_Desktop"
"en","Comparison_of_Vector_Formats_(GIS)"
"en","Comparison_of_Windows_Vista_and_Windows_XP"
"en","Comparison_of_X_window_managers"
"en","Comparison_of_agent-based_modeling_software"
"en","Comparison_of_anaerobic_and_aerobic_digestion"
"en","Comparison_of_application_servers"
"en","Comparison_of_archive_formats"
"en","Comparison_of_baseball_and_softball"
"en","Comparison_of_behavioral_experiment_software"
"en","Comparison_of_birth_control_methods"
"en","Comparison_of_chess_video_games"
"en","Comparison_of_cognitive_architectures"
"en","Comparison_of_continuous_integration_software"
"en","Comparison_of_cricket_and_baseball"
"en","Comparison_of_crowd_funding_services"
"en","Comparison_of_dance_video_games"
"en","Comparison_of_debuggers"
"en","Comparison_of_defragmentation_software"
"en","Comparison_of_dental_practice_management_software"
"en","Comparison_of_development_estimation_software"
"en","Comparison_of_disc_image_software"
"en","Comparison_of_display_technology"
"en","Comparison_of_distributed_file_systems"
"en","Comparison_of_document_interfaces"
"en","Comparison_of_document_markup_languages"
"en","Comparison_of_educational_websites_for_children"
"en","Comparison_of_embedded_computer_systems_on_board_the_Mars_rovers"
"en","Comparison_of_executable_file_formats"
"en","Comparison_of_facial_image_datasets"
"en","Comparison_of_free_credit_report_websites"
"en","Comparison_of_free_software_e-commerce_web_application_frameworks"
"en","Comparison_of_general_and_generalized_linear_models"
"en","Comparison_of_hardware_random_number_generators"
"en","Comparison_of_help_desk_issue_tracking_software"
"en","Comparison_of_high_definition_optical_disc_formats"
"en","Comparison_of_hub_gears"
"en","Comparison_of_iSCSI_targets"
"en","Comparison_of_karate_styles"
"en","Comparison_of_macro_recorder_software"
"en","Comparison_of_mobile_phone_standards"
"en","Comparison_of_neurofeedback_software"
"en","Comparison_of_object-relational_mapping_software"
"en","Comparison_of_object_database_management_systems"
"en","Comparison_of_online_charity_donation_services_in_the_United_Kingdom"
"en","Comparison_of_online_dating_websites"
"en","Comparison_of_online_music_lockers"
"en","Comparison_of_optimization_software"
"en","Comparison_of_packet_analyzers"
"en","Comparison_of_popular_optical_data-storage_systems"
"en","Comparison_of_programming_languages_(strings)"
"en","Comparison_of_programming_languages_(syntax)"
"en","Comparison_of_programming_paradigms"
"en","Comparison_of_radio_systems"
"en","Comparison_of_real_estate_websites"
"en","Comparison_of_12-13.3_inch_subnotebooks"
"en","Comparison_of_3D_computer_graphics_software"
"en","Comparison_of_AMD_processors"
"en","Comparison_of_Adobe_Flex_charts"
"en","Comparison_of_BitTorrent_sites"
"en","Comparison_of_instruction_set_architectures"
"en","Comparison_of_CRM_systems"
"en","Comparison_of_CalDAV_and_CardDAV_implementations"
"en","Comparison_of_Canon_EOS_digital_cameras"
"en","Comparison_of_DEX_software"
"en","Comparison_of_DOS_operating_systems"
"en","Comparison_of_European_traffic_laws"
"en","Comparison_of_Fukushima_and_Chernobyl_nuclear_accidents"
"en","Comparison_of_ICBMs"
"en","Comparison_of_Internet_forum_software"
"en","Comparison_of_JavaScript-based_source_code_editors"
"en","Comparison_of_JavaScript_charting_frameworks"
"en","Comparison_of_Java_Remote_Desktop_projects"
"en","Comparison_of_Nikon_DSLR_cameras"
"en","Comparison_of_Nintendo_portable_consoles"
"en","Comparison_of_North_American_ski_resorts"
"en","Comparison_of_Solaris_distributions"
"en","Comparison_of_Subversion_clients"
"en","Comparison_of_Texas_Instruments_graphing_calculators"
"en","Comparison_of_UPnP_AV_media_servers"
"en","Comparison_of_Unicode_encodings"
"en","Comparison_of_United_Kingdom_and_United_States_military_ranks"
"en","Comparison_of_Usenet_newsreaders"
"en","Comparison_of_WebSocket_implementations"
"en","Comparison_of_XML_editors"
"en","Comparison_of_XMPP_server_software"
"en","Comparison_of_application_virtualization_software"
"en","Comparison_of_brainwave_entrainment_software"
"en","Comparison_of_code_generation_tools"
"en","Comparison_of_color_models_in_computer_graphics"
"en","Comparison_of_cryptographic_hash_functions"
"en","Comparison_of_data_modeling_tools"
"en","Comparison_of_disk_cloning_software"
"en","Comparison_of_dosimeters"
"en","Comparison_of_early_World_War_II_tanks"
"en","Comparison_of_early_word_processors"
"en","Comparison_of_encrypted_external_drives"
"en","Comparison_of_file_sharing_applications"
"en","Comparison_of_free_and_open-source_software_licenses"
"en","Comparison_of_free_web_hosting_services"
"en","Comparison_of_graphics_file_formats"
"en","Comparison_of_handheld_game_consoles"
"en","Comparison_of_instant_messaging_protocols"
"en","Comparison_of_layout_engines_(HTML5_canvas)"
"en","Comparison_of_layout_engines_(HTML5_media)"
"en","Comparison_of_layout_engines_(XHTML)"
"en","Comparison_of_layout_engines_(web_typography)"
"en","Comparison_of_web_server_software"
"en","Comparison_of_linear_algebra_libraries"
"en","Comparison_of_netbook-oriented_Linux_distributions"
"en","Comparison_of_object-relational_database_management_systems"
"en","Comparison_of_online_music_stores"
"en","Comparison_of_open-source_configuration_management_software"
"en","Comparison_of_optical_character_recognition_software"
"en","Comparison_of_orbital_launch_systems"
"en","Comparison_of_orbital_launchers_families"
"en","Comparison_of_orbital_rocket_engines"
"en","Comparison_of_personal_air_vehicles"
"en","Comparison_of_programming_languages"
"en","Comparison_of_programming_languages_(array)"
"en","Comparison_of_project_management_software"
"en","Comparison_of_BSD_operating_systems"
"en","Comparison_of_DNS_server_software"
"en","Comparison_of_EDA_software"
"en","Comparison_of_English_dictionaries"
"en","Comparison_of_JavaScript_frameworks"
"en","Comparison_of_LAN_messengers"
"en","Comparison_of_MUD_clients"
"en","Comparison_of_Office_Open_XML_software"
"en","Comparison_of_research_networking_tools_and_research_profiling_systems"
"en","Comparison_of_X_Window_System_desktop_environments"
"en","Comparison_of_ad_servers"
"en","Comparison_of_assemblers"
"en","Comparison_of_cluster_software"
"en","Comparison_of_quiz_bowl_formats"
"en","Comparison_of_data_serialization_formats"
"en","Comparison_of_database_access"
"en","Comparison_of_desktop_application_launchers"
"en","Comparison_of_desktop_publishing_software"
"en","Comparison_of_digital_SLRs"
"en","Comparison_of_hex_editors"
"en","Comparison_of_layout_engines_(Scalable_Vector_Graphics)"
"en","Comparison_of_layout_engines_(graphics)"
"en","Comparison_of_memory_cards"
"en","Comparison_of_metadata_editors"
"en","Comparison_of_network_monitoring_systems"
"en","Comparison_of_notetaking_software"
"en","Comparison_of_online_backup_services"
"en","Comparison_of_operating_systems"
"en","Comparison_of_parser_generators"
"en","Comparison_of_photo_gallery_software"
"en","Comparison_of_proxifiers"
"en","Comparison_of_regular_expression_engines"
"en","Comparison_of_ATI_chipsets"
"en","Comparison_of_European_road_signs"
"en","Comparison_of_Macintosh_models"
"en","Comparison_of_NMDC_Software"
"en","Comparison_of_OpenDocument_software"
"en","Comparison_of_PVR_software_packages"
"en","Comparison_of_SSH_servers"
"en","Comparison_of_U.S._state_governments"
"en","Comparison_of_VoIP_software"
"en","Comparison_of_YouTube_downloaders"
"en","Comparison_of_audio_synthesis_environments"
"en","Comparison_of_digital_audio_editors"
"en","Comparison_of_disc_authoring_software"
"en","Comparison_of_disk_encryption_software"
"en","Comparison_of_download_managers"
"en","Comparison_of_eDonkey_software"
"en","Comparison_of_file_comparison_tools"
"en","Comparison_of_file_verification_software"
"en","Comparison_of_firewalls"
"en","Comparison_of_genealogy_software"
"en","Comparison_of_iPod_managers"
"en","Comparison_of_image_viewers"
"en","Comparison_of_layout_engines_(HTML5)"
"en","Comparison_of_layout_engines_(XML)"
"en","Comparison_of_layout_engines_(non-standard_HTML)"
"en","Comparison_of_massively_multiplayer_online_role-playing_games"
"en","Comparison_of_microblogging_services"
"en","Comparison_of_movie_cameras"
"en","Comparison_of_national_standards_of_Chinese"
"en","Comparison_of_netbooks"
"en","Comparison_of_office_suites"
"en","Comparison_of_open-source_software_hosting_facilities"
"en","Comparison_of_photo_stitching_software"
"en","Comparison_of_platform_virtualization_software"
"en","Comparison_of_C_Sharp_and_Java"
"en","Comparison_of_FTP_client_software"
"en","List_of_FTP_server_software"
"en","Comparison_of_Java_virtual_machines"
"en","Comparison_of_OLAP_Servers"
"en","Comparison_of_Prolog_implementations"
"en","Comparison_of_accounting_software"
"en","Comparison_of_audio_formats"
"en","Comparison_of_database_tools"
"en","Comparison_of_documentation_generators"
"en","Comparison_of_fanless_layer_2_switches"
"en","Comparison_of_feed_aggregators"
"en","Comparison_of_file_synchronization_software"
"en","Comparison_of_issue-tracking_systems"
"en","Comparison_of_mobile_Internet_Relay_Chat_clients"
"en","Comparison_of_raster-to-vector_conversion_software"
"en","Comparison_of_802.15.4_radio_modules"
"en","Comparison_of_AMD_chipsets"
"en","Comparison_of_Internet_Relay_Chat_daemons"
"en","Comparison_of_SSH_clients"
"en","Comparison_of_boot_loaders"
"en","Comparison_of_command_shells"
"en","Comparison_of_container_formats"
"en","Comparison_of_enterprise_bookmarking_platforms"
"en","Comparison_of_file_systems"
"en","Comparison_of_layout_engines_(ECMAScript)"
"en","Comparison_of_pumps"
"en","Comparison_of_reference_management_software"
"en","Comparison_of_ADC_software"
"en","Comparison_of_file_archivers"
"en","Comparison_of_file_managers"
"en","Comparison_of_iOS_e-book_reader_software"
"en","Comparison_of_open-source_wireless_drivers"
"en","Comparison_of_portable_media_players"
"en","Comparison_of_BitTorrent_clients"
"en","Comparison_of_HTML_editors"
"en","Comparison_of_layout_engines_(Document_Object_Model)"
"en","Comparison_of_mail_servers"
"en","Comparison_of_Internet_Relay_Chat_clients"
"en","Comparison_of_Sony_Vaio_laptops"
"en","Comparison_of_alcopops"
"en","Comparison_of_geographic_information_systems_software"
"en","Comparison_of_instant_messaging_clients"
"en","Comparison_of_raster_graphics_editors"
"en","Comparison_of_Microsoft_Windows_versions"
"en","Comparison_of_audio_player_software"
"en","Comparison_of_layout_engines_(HTML)"
"en","Comparison_of_open-source_operating_systems"
"en","Comparison_of_programming_languages_(basic_instructions)"
"en","List_of_AMD_graphics_processing_units"
"en","Comparison_of_Android_devices"
"en","List_of_Intel_graphics_processing_units"
"en","Comparison_of_Internet_Relay_Chat_services"
"en","Comparison_of_Nvidia_chipsets"
"en","List_of_Nvidia_graphics_processing_units"
"en","Comparison_of_TLS_implementations"
"en","Comparison_of_antivirus_software"
"en","Comparison_of_email_clients"
"en","Comparison_of_integrated_development_environments"
"en","Comparison_of_layout_engines_(XHTML_1.1)"
"en","Comparison_of_operating_system_kernels"
